no,category,maker,title1,title2,title3,email,image_url
A001,0 メイン,,メイン 10円動画,,,jyurination@protonmail.com,
A002,南波杏,,南波杏コンプリートコレクション,南波杏 ぶっかけ中出しアナルFUCK！ ハイモザDX版,日下部加奈 シリーズ累計12万DL超え！！ 原作:越山弱衰 イイ湯湧いてます ムッチリビキニFUCKを描いた続編「イイ湯湧いてますかぽ～ん」＆実写だけのオリジナルエピソードも追加！！,zopenopo@sendapp.uk,https://pics.dmm.co.jp/mono/movie/adult/mibd500/mibd500pl.jpg
A003,七草ちとせ,,産地直送 ゆい,七草ちとせ 射精乱舞！！SEX専用豊満ボディ 七草ちとせ12時間BEST,,fqhkjr@otm00.com,https://awsimgsrc.dmm.co.jp/pics_dig/digital/amateur/tyoku003/tyoku003jp-001.jpg
A004,1 女優単体,,佐伯由美香 父親がいない間に何度もセックスしたがる性欲が強すぎる義母は絶倫息子の生挿入も拒まない VOL.3,素人ナンパGET！！ 100人のオンナ・おんな・女×16時間 これぞガチナンパセックスの記録！！！,新時代の美魔女！！ 「こんな50代で良いんですか？」可愛い過ぎる五十路熟女たちの濃密SEX 熟れた身体が淫らに魅せる快楽交尾！ 10名収録 240分,misfits@inter7.jp,https://awsimgsrc.dmm.co.jp/pics_dig/digital/video/1dandy00775/1dandy00775jp-1.jpg
A005,1 女優単体,,うんぱい 監禁拘束され、気高き意識を残したまま痙攣失禁を繰り返し体だけが快楽堕ちする羞恥オーガズム巨乳捜査官,葉山さゆり 祝！！葉山さゆりデビュー1周年記念！！熟れコミコラボ！！ 原作:灰司 近女誘惑 ママ編,風間ゆみ 妻の妊娠中、禁欲してた僕がソープに行ったら…出てきたお店のNo.1嬢は妻の友達・ゆみさんだった。,sobo670@usagica.com,https://awsimgsrc.dmm.co.jp/pics_dig/digital/video/sone00203/sone00203pl.jpg
A006,竹内有紀,プレミアム,竹内有紀 12時間BEST 33コーナー26本番,,,rehiguro@kagi.be,https://awsimgsrc.dmm.co.jp/pics_dig/digital/video/pbd00434/pbd00434pl.jpg
A007,竹内有紀,プレミアム,竹内有紀 しなやかな美体に、溺れろ。12時間30本番SPECIAL BEST,,,togoderyu@sendapp.uk,https://awsimgsrc.dmm.co.jp/pics_dig/digital/video/pbd00407/pbd00407pl.jpg
A008,佐山愛,ワンズファクトリー,佐山愛 むちむちボディに23発中出し 佐山愛8時間BEST,【福袋】素人ナンパGET！！福袋15タイトル41時間！【桃太郎映像出版】,,gyunyuwa@usagica.com,https://awsimgsrc.dmm.co.jp/pics_dig/digital/video/bmw00274/bmw00274pl.jpg
A009,佐山愛,痴女ヘブン,佐山愛 乳首ビンビン豊満ドスケベボディで痴女ってくる！佐山愛8時間BEST,,,sesu905@eripo.net,https://awsimgsrc.dmm.co.jp/pics_dig/digital/video/cjob00119/cjob00119pl.jpg
A010,佐山愛,ワンズファクトリー,佐山愛 乳首ビンビン爆乳Hcupで痴女られる佐山愛8時間BEST,,,kyoreyu@momoi.uk,https://awsimgsrc.dmm.co.jp/pics_dig/digital/video/bmw00305/bmw00305pl.jpg?f=webp
A011,安齋らら,S1,安齋らら 1st BEST,,,zobiyoru@haren.uk,https://awsimgsrc.dmm.co.jp/pics_dig/digital/video/ofje00279/ofje00279pl.jpg
A012,安齋らら,S1,安齋らら 2nd BEST,藤咲紫【4K】初体験は人妻と… 最高に羨ましい筆下ろし 藤咲紫,,hasikyo@dakaka.org,https://awsimgsrc.dmm.co.jp/pics_dig/digital/video/ofje00288/ofje00288pl.jpg?f=webp
A013,JULIA,プレミアム,JULIA プレミアムベスト 30コーナー25本番,柏木舞子【期間限定熟女パック】柏木舞子パック,,yubewa@dakaka.org,https://awsimgsrc.dmm.co.jp/pics_dig/digital/video/pbd00425/pbd00425pl.jpg?f=webp
A014,JULIA,ワンズファクトリー,JULIA 究極神乳ボディ JULIA 8時間ベスト,葵百合香【4K】初体験は人妻と… 最高に羨ましい筆下ろし 葵百合香,,pone144@boxfi.uk,https://awsimgsrc.dmm.co.jp/pics_dig/digital/video/bmw00278/bmw00278pl.jpg?f=webp
A015,JULIA,OPPAI,JULIA30タイトル90本番12時間BEST,,,kasazi@haren.uk,https://pics.dmm.co.jp/mono/movie/adult/ppbd200/ppbd200pl.jpg
A016,JULIA,本中,JULIA 神が与えたパーフェクトボディ神乳Jカップ JULIA全部中出し8時間ベスト,サクッと即ヌキ！ワンコイン！！こすパコ凝縮！実用度3000倍どちゃシコベスト！！4,,ryunumya@nyasan.com,https://pics.dmm.co.jp/mono/movie/adult/hndb217/hndb217pl.jpg
A017,鷲尾めい,S1,鷲尾めい 全身が勃起するJカップ神乳お姉さん 鷲尾めい 最新12作品コンプリート12時間ベスト,烏丸まどか【期間限定熟女パック】烏丸まどかパック,,zagazu@boxfi.uk,https://awsimgsrc.dmm.co.jp/pics_dig/digital/video/ofje00384/ofje00384pl.jpg?f=webp
A018,櫻井まみ,プレミアム,櫻井まみ ビンビン乳首の清楚ド変態お姉さんの全てを網羅！プレミアム12時間BEST 大ボリューム55コーナー48本番,玉城夏帆 【4K】初体験は人妻と… 最高に羨ましい筆下ろし 玉城夏帆,,honohipe@dakaka.org,https://awsimgsrc.dmm.co.jp/pics_dig/digital/video/pbd00429/pbd00429pl.jpg?f=webp
A019,小島みなみ,S1,小島みなみAV10周年記念 S1全タイトル収録69作品16時間BEST,【福袋】素人ナンパGET！！福袋vol.2 15タイトル2631分！【桃太郎映像出版】,,kaki2023note@usagica.com,https://awsimgsrc.dmm.co.jp/pics_dig/digital/video/ofje00322/ofje00322pl.jpg?f=webp
A020,末広純,オーロラ,末広純で、ヌキまくりの541分！,,,rarikeyu@momoi.uk,https://awsimgsrc.dmm.co.jp/pics_dig/digital/video/apae00090/apae00090pl.jpg?f=webp
A021,末広純,セレブの友,末広純 4枚組ハイパーベスト11時間12分,,,myagi934@dakaka.org,https://awsimgsrc.dmm.co.jp/pics_dig/digital/video/cead00596/cead00596pl.jpg?f=webp
A022,坂道みる,S1,坂道みる 3周年メモリアルBEST 最新全10タイトル8時間スペシャル,羽月乃蒼【4K】校則違反水着の生徒と禁断の中出し性交,,gyoyu311@usagica.com,https://awsimgsrc.dmm.co.jp/pics_dig/digital/video/ofje00334/ofje00334pl.jpg?f=webp
A023,益坂美亜,アイデアポケット,益坂美亜 益坂牛 たっぷり12タイトル特盛り8時間BEST Jカップ100cm！！ 唯一むにゅの圧倒乳！！ 全24コーナーALLセックス,,,newa443@sendapp.uk,https://awsimgsrc.dmm.co.jp/pics_dig/digital/video/idbd00802/idbd00802pl.jpg?f=webp
A024,汐世,S1,汐世 AV女優で圧倒的一位のJカップ 整い過ぎてる美人顔 汐世68本番BEST,,,ho916@momoi.uk,https://awsimgsrc.dmm.co.jp/pics_dig/digital/video/ofje00418/ofje00418pl.jpg?f=webp
A025,神宮寺ナオ,ムーディーズ,神宮寺ナオ 12hours MOODYZ専属 1st BEST,,,kenobo@usagica.com,https://pics.dmm.co.jp/mono/movie/adult/mizd297/mizd297pl.jpg
A026,神宮寺ナオ,本中,神宮寺ナオ8時間BEST専属6作品＋2～じんちゃんと本中の152日～,,,zogi587@usagica.com,https://pics.dmm.co.jp/mono/movie/adult/hndb178/hndb178pl.jpg
A027,神宮寺ナオ,マドンナ,神宮寺ナオ マドンナ専属 The First Anniversary 3枚組12時間 ～才色兼備な国民的女優、待望の専属1周年記念ベスト～,,,gekikeke@momoi.uk,https://pics.dmm.co.jp/mono/movie/adult/jusd880/jusd880pl.jpg
A028,桐谷まつり,OPPAI,桐谷まつり18タイトル54本番12時間完全版BEST,,,zitedago@usagica.com,https://pics.dmm.co.jp/mono/movie/adult/ppbd210/ppbd210pl.jpg
A029,野々原なずな,セレブの友,野々原なずなをしゃぶり尽くすベスト948分,,,dabu443@boxfi.uk,https://awsimgsrc.dmm.co.jp/pics_dig/digital/video/cead00302/cead00302pl.jpg?f=webp
A030,石原希望,本中,石原希望12本番中出しBEST本中出演作品完全収録超お得版,,,byoko276@tatsu.uk,https://pics.dmm.co.jp/mono/movie/adult/hndb185/hndb185pl.jpg
A031,千乃あずみ,セレブの友,千乃あずみ 配信限定版 千乃あずみハイパーベスト6時間03分,,,ryaheryu@eripo.net,https://awsimgsrc.dmm.co.jp/pics_dig/digital/video/dgcedg00008/dgcedg00008pl.jpg?f=webp
A032,千乃あずみ,Freja,千乃あずみ 悩殺スーパーボディ 千乃あずみ,,,nyase803@kagi.be,https://awsimgsrc.dmm.co.jp/pics_dig/digital/video/frja00003/frja00003pl.jpg?f=webp
A033,千乃あずみ,TEPPAN,千乃あずみ 鉄板Complete Gカップ美乳 デカチン潮吹きBEST 千乃あずみ,,,nyoyurya112@haren.uk,https://awsimgsrc.dmm.co.jp/pics_dig/digital/video/tomn00031/tomn00031pl.jpg?f=webp
A034,通野未帆,JET映像,通野未帆 JET映像7周年記念！通野未帆7タイトル ノーカットフル尺ベスト！4枚組840分収録！,【お中元】中出し厳選合計206発！一般男女モニタリングAV 人気15作品全編ノーカット収録！2022 素人娘58人！3200分！,,kobatomic103@usagica.com,https://awsimgsrc.dmm.co.jp/pics_dig/digital/video/nbes00069/nbes00069pl.jpg?f=webp
A035,通野未帆,JET映像,通野未帆 JET映像 通野未帆BEST！！全11タイトル4枚組16時間,,,sasakyoha@sendnow.win,https://awsimgsrc.dmm.co.jp/pics_dig/digital/video/nbes00043/nbes00043pl.jpg?f=webp
A036,あいだ飛鳥,OPPAI,あいだ飛鳥8時間PERFECTBEST,水野淑恵【期間限定熟女パック】水野淑恵パック,,dafetekyo@momoi.uk,https://pics.dmm.co.jp/mono/movie/adult/ppbd162/ppbd162pl.jpg
A037,篠崎かんな,Fitch,篠崎かんな むっちり豊満Gcupグラマラス 篠崎かんな8時間BEST,時田こずえ【期間限定熟女パック】時田こずえパック,,foniginyu@tatsu.uk,https://pics.dmm.co.jp/mono/movie/adult/jfb226/jfb226pl.jpg
A038,八木美智香,マドンナ,八木美智香 丸ごと！八木美智香8時間～唯一無二のわがままHカップBODY 全15本番SPECIAL～,音羽文子【期間限定熟女パック】音羽文子パック,,byomyogi@haren.uk,https://pics.dmm.co.jp/mono/movie/adult/obe040/obe040pl.jpg
A039,風間ゆみ,マドンナ,風間ゆみ The 2nd Anniversary 3枚組12時間,,,pesababe@usagica.com,https://pics.dmm.co.jp/mono/movie/adult/jums021/jums021pl.jpg
A040,浅井舞香,マドンナ,浅井舞香 The Revival Best 4枚組16時間 22本番SPECIAL,矢部寿恵【期間限定熟女パック】矢部寿恵パック,,pyomino@dakaka.org,https://pics.dmm.co.jp/mono/movie/adult/jusd996/jusd996pl.jpg
A041,白石茉莉奈,マドンナ,白石茉莉奈 マドンナ専属 The First Anniversary 3枚組12時間 ～唯一無二の国民的ママドル、待望の専属1周年記念ベスト～,森ななこ【期間限定熟女パック】森ななこパック,,gagebibi@momoi.uk,https://pics.dmm.co.jp/mono/movie/adult/jusd930/jusd930pl.jpg
A042,長嶋沙央梨,マドンナ,長嶋沙央梨 The Complete Best 8時間,サクッと即ヌキ！ワンコイン！！こすパコ凝縮！実用度3000倍どちゃシコベスト！！,,fetapo@momoi.uk,https://pics.dmm.co.jp/mono/movie/adult/jusd981/jusd981pl.jpg
A043,水戸かな,マドンナ,水戸かな 完全無欠 水戸かな The First Best 4枚組 16時間 奇跡のような透明感-。マドンナが贈る次世代人妻、待望の初総集編！！,皆瀬杏樹 魔法のオイルで快感マッサージ,,danikoryo@boxfi.uk,https://pics.dmm.co.jp/mono/movie/adult/jusd846/jusd846pl.jpg
A044,北条麻妃,マドンナ,北条麻妃 スーパースター美熟女 専属1周年記念-。 北条麻妃 The Best16時間,北条麻妃【期間限定熟女パック】北条麻妃パック,,rimiwamyu@tatsu.uk,https://pics.dmm.co.jp/mono/movie/adult/jusd872/jusd872pl.jpg
A045,水野朝陽,Fitch,水野朝陽 長身パーフェクトBODY 水野朝陽BEST16時間,,,pyofiryu@usagica.com,https://pics.dmm.co.jp/mono/movie/adult/jfb193/jfb193pl.jpg
A046,佐々木あき,マドンナ,佐々木あき これで見納め！！マドンナ出演作品全収録―。佐々木あき メモリアルBEST 6枚組 24時間,,,hekegu@usagica.com,https://pics.dmm.co.jp/mono/movie/adult/jusd844/jusd844pl.jpg
A047,吹石れな,マドンナ,吹石れな これで見納め！！ 吹石れな 引退 LAST COLLECTION―。 16時間,,,nomyuziso@okinawa.li,https://pics.dmm.co.jp/mono/movie/adult/jusd850/jusd850pl.jpg
A048,夏目彩春,アタッカーズ,夏目彩春 業界随一フェラテク女王 夏目彩春のフェラチオ口内射精シーンのみ集めた究極4時間BEST 大好評につき第2弾！,,,hu386@boxfi.uk,https://pics.dmm.co.jp/mono/movie/adult/atkd351/atkd351pl.jpg
A049,松坂美紀,ルビー,松坂美紀全仕事 8時間2枚組,松坂美紀【飼育】義父に縛られる性活 松坂美紀 SM後の中出し編,,giwagaze@dakaka.org,https://awsimgsrc.dmm.co.jp/pics_dig/digital/video/jdl00060/jdl00060pl.jpg?f=webp
A050,上羽絢,マドンナ,上羽絢 初総集編 The First Best 3枚組12時間,長瀬麻美 イク程に止まらない大量の聖水！イクのも潮も止まらない無限SEX,,mozotesa@momoi.uk,https://pics.dmm.co.jp/mono/movie/adult/jums017/jums017pl.jpg
A051,安野由美,セレブの友,安野由美22時間11分ベスト,,,yapyopo@boxfi.uk,https://awsimgsrc.dmm.co.jp/pics_dig/digital/video/cesd00631/cesd00631pl.jpg?f=webp
A052,安野由美,セレブの友,安野由美16時間50分ベスト,,,suyudofo@haren.uk,https://awsimgsrc.dmm.co.jp/pics_dig/digital/video/cesd00192/cesd00192pl.jpg?f=webp
A053,音羽文子,セレブの友,音羽文子をしゃぶり尽くすベスト874分,,,sazomemya@usagica.com,https://awsimgsrc.dmm.co.jp/pics_dig/digital/video/cead00273/cead00273pl.jpg?f=webp
A054,音羽文子,セレブの友,音羽文子をしゃぶり尽くすベスト892分 vol.2,,,wagate336@usagica.com,https://awsimgsrc.dmm.co.jp/pics_dig/digital/video/cead00303/cead00303pl.jpg?f=webp
A055,円城ひとみ,マドンナ,円城ひとみ 丸ごと！円城ひとみ8時間～年下男に溺れる大炎上セックス全14本番BEST～,,,horyufemo@fuwari.be,https://pics.dmm.co.jp/mono/movie/adult/jusd692/jusd692pl.jpg
A056,円城ひとみ,セレブの友,円城ひとみ17時間44分ベスト,,,fenogyabya@tatsu.uk,https://awsimgsrc.dmm.co.jp/pics_dig/digital/video/cesd00258/cesd00258pl.jpg?f=webp
A057,円城ひとみ,セレブの友,円城ひとみ20時間51分ベスト,,,pupubomyu@bangban.uk,https://pics.dmm.co.jp/mono/movie/adult/cesd555/cesd555pl.jpg
A058,円城ひとみ,セレブの友,円城ひとみ まるごと完全収録1046分BEST,,,geganyohu@shchiba.uk,https://awsimgsrc.dmm.co.jp/pics_dig/digital/video/cesd00731/cesd00731pl.jpg?f=webp
A059,円城ひとみ,VENUS,円城ひとみ S級熟女コンプリートファイル 円城ひとみ 6時間,,,datinuko@eripo.net,https://awsimgsrc.dmm.co.jp/pics_dig/digital/video/veq00115/veq00115pl.jpg?f=webp
A060,円城ひとみ,VENUS,円城ひとみ S級熟女コンプリートファイル 円城ひとみ 6時間 其之弐,,,ryaratose@eripo.net,https://awsimgsrc.dmm.co.jp/pics_dig/digital/video/veq00144/veq00144pl.jpg?f=webp
A061,島津かおる,セレブの友,島津かおる まるごと完全収録1162分BEST,,,myozapyo663@shchiba.uk,https://awsimgsrc.dmm.co.jp/pics_dig/digital/video/cesd00708/cesd00708pl.jpg?f=webp
A062,島津かおる,セレブの友,島津かおる まるごと完全収録1393分BEST2,,,zobo78@shchiba.uk,https://awsimgsrc.dmm.co.jp/pics_dig/digital/video/cemd00136/cemd00136pl.jpg?f=webp
A063,田中ねね,セレブの友,田中ねね まるごと完全収録1163分BEST,,,tigebyo9@eripo.net,https://awsimgsrc.dmm.co.jp/pics_dig/digital/video/cemd00041/cemd00041pl.jpg?f=webp
A064,田中ねね,Fitch,田中ねね むっちり美白GカップBODY 田中ねね8時間BEST,,,tokyapyo724@tatsu.uk,https://pics.dmm.co.jp/mono/movie/adult/jfb272/jfb272pl.jpg
A065,春菜はな,セレブの友,春菜はな まるごと完全収録1135分BEST,,,pobyanya957@instmail.uk,https://awsimgsrc.dmm.co.jp/pics_dig/digital/video/cesd00669/cesd00669pl.jpg?f=webp
A066,春菜はな,セレブの友,春菜はな まるごと完全収録1144分BEST2,,,sikemezi@haren.uk,https://awsimgsrc.dmm.co.jp/pics_dig/digital/video/cemd00281/cemd00281pl.jpg?f=webp
A067,春菜はな,セレブの友,春菜はな20時間13分ベスト,,,zukiro@instmail.uk,https://awsimgsrc.dmm.co.jp/pics_dig/digital/video/cesd00756/cesd00756pl.jpg?f=webp
A068,夕季ちとせ,VENUS,夕季ちとせ S級熟女コンプリートファイル 夕季ちとせ 6時間,,,gori534@shchiba.uk,https://pics.dmm.co.jp/mono/movie/adult/veq194/veq194pl.jpg
A069,夕季ちとせ,VENUS,夕季ちとせ S級熟女コンプリートファイル 夕季ちとせ 6時間 其之弍,,,gadepo@haren.uk,https://pics.dmm.co.jp/mono/movie/adult/veq204/veq204pl.jpg
A070,夕季ちとせ,マザー,夕季ちとせ 相変わらず凄すぎる爆乳姉さん夕季ちとせ240分,,,neryo901@appmail.uk,https://awsimgsrc.dmm.co.jp/pics_dig/digital/video/h_796san00299/h_796san00299pl.jpg?f=webp
A071,澤村レイコ,VENUS,澤村レイコ 「永久不滅のオンリーワン。」 S級熟女フルコンプリートBOX 澤村レイコ16時間4枚組,,,pomo75@sofia.re,https://pics.dmm.co.jp/mono/movie/adult/veq252/veq252pl.jpg
A072,澤村レイコ,JET映像,澤村レイコ JET映像7周年記念！澤村レイコ7タイトル フル尺ベスト！910分収録！,,,yodokya@catgroup.uk,https://awsimgsrc.dmm.co.jp/pics_dig/digital/video/nbes00053/nbes00053pl.jpg?f=webp
A073,翔田千里,VENUS,翔田千里 S級熟女コンプリートファイル 翔田千里 6時間,,,sunyufi497@haren.uk,https://awsimgsrc.dmm.co.jp/pics_dig/digital/video/veq00167/veq00167pl.jpg?f=webp
A074,翔田千里,VENUS,翔田千里 S級熟女コンプリートファイル 翔田千里 6時間 其之弐,,,simopa@bangban.uk,https://pics.dmm.co.jp/mono/movie/adult/veq200/veq200pl.jpg
A075,翔田千里,VENUS,翔田千里 S級熟女コンプリートファイル 翔田千里 6時間 其之参,,,magudopya@shchiba.uk,https://pics.dmm.co.jp/mono/movie/adult/veq222/veq222pl.jpg
A076,翔田千里,VENUS,翔田千里 S級熟女コンプリートファイル 翔田千里 6時間 其之四（VEQ-250）,,,tazimaho@catgroup.uk,https://pics.dmm.co.jp/mono/movie/adult/veq250/veq250pl.jpg
A077,翔田千里,VENUS,翔田千里 S級熟女コンプリートファイル 翔田千里 6時間 其之四（VEQ-235）,,,zehokobya@goatmail.uk,https://pics.dmm.co.jp/mono/movie/adult/veq235/veq235pl.jpg
A078,翔田千里,セレブの友,翔田千里 まるごと完全収録13時間10分BEST,,,segumo@exdonuts.com,https://awsimgsrc.dmm.co.jp/pics_dig/digital/video/cemd00496/cemd00496pl.jpg?f=webp
A079,翔田千里,セレブの友,翔田千里 まるごと完全収録1101分BEST,,,fokyogufe@sofia.re,https://awsimgsrc.dmm.co.jp/pics_dig/digital/video/cemd00297/cemd00297pl.jpg?f=webp
A080,翔田千里,セレブの友,翔田千里 The Ultimate Best 8時間,,,gose604@cocoro.uk,https://awsimgsrc.dmm.co.jp/pics_dig/digital/video/cead00384/cead00384pl.jpg
A081,翔田千里,セレブの友,翔田千里 The Ultimate Best 8時間 2,,,remuza539@nezumi.be,https://awsimgsrc.dmm.co.jp/pics_dig/digital/video/cead00551/cead00551pl.jpg?f=webp
A082,翔田千里,セレブの友,翔田千里24時間31分ベスト4,,,byayubito@fukurou.ch,https://awsimgsrc.dmm.co.jp/pics_dig/digital/video/cesd00852/cesd00852pl.jpg?f=webp
A083,翔田千里,セレブの友,翔田千里21時間39分ベスト3,,,tosige@sofia.re,https://awsimgsrc.dmm.co.jp/pics_dig/digital/video/cesd00765/cesd00765pl.jpg?f=webp
A084,翔田千里,セレブの友,翔田千里20時間39分ベスト,,,fabepo@tatsu.uk,https://awsimgsrc.dmm.co.jp/pics_dig/digital/video/cesd00694/cesd00694pl.jpg?f=webp
A085,村上涼子,セレブの友,村上涼子23時間17分ベスト,,,hokogyo482@xmailer.be,https://awsimgsrc.dmm.co.jp/pics_dig/digital/video/cesd00621/cesd00621pl.jpg?f=webp
A086,村上涼子,セレブの友,村上涼子20時間55分ベスト2,,,torazu989@okinawa.li,https://awsimgsrc.dmm.co.jp/pics_dig/digital/video/cesd00822/cesd00822pl.jpg?f=webp
A087,折原ゆかり,VENUS,折原ゆかり S級熟女コンプリートファイル 折原ゆかり6時間,,,bagitagyo@fanclub.pm,https://awsimgsrc.dmm.co.jp/pics_dig/digital/video/veq00125/veq00125pl.jpg?f=webp
A088,折原ゆかり,VENUS,折原ゆかり S級熟女コンプリートファイル 折原ゆかり 6時間 其之弐,,,mati653@stayhome.li,https://pics.dmm.co.jp/mono/movie/adult/veq219/veq219pl.jpg
A089,折原ゆかり,VENUS,折原ゆかり S級熟女コンプリートファイル 折原ゆかり 6時間 其之参,,,hikokezi@nezumi.be,https://pics.dmm.co.jp/mono/movie/adult/veq239/veq239pl.jpg
A090,谷原希美,VENUS,谷原希美 抜群の美貌と卑猥な濃厚マン毛…人妻エロスの正統派 S級熟女フルコンプリートBOX 谷原希美16時間4枚組,,,fanyo388@xmailer.be,https://pics.dmm.co.jp/mono/movie/adult/veq233/veq233pl.jpg
A091,希咲アリス,OPPAI,希咲アリス8時間BEST,,,mabe589@usagica.com,https://pics.dmm.co.jp/mono/movie/adult/ppbd230/ppbd230pl.jpg
A092,三岳ゆうな,セレブの友,三岳ゆうな 初DVD化秘蔵映像3SEX＆スーパーベストBOX 803分 5枚組,,,zinipe@eripo.net,https://awsimgsrc.dmm.co.jp/pics_dig/digital/video/cemd00579/cemd00579pl.jpg?f=webp
A093,皇ゆず,セレブの友,皇ゆず 未公開完全撮り下ろし2SEX＆スーパーベストBOX 825分 5枚組,,,yunamupya@eripo.net,https://awsimgsrc.dmm.co.jp/pics_dig/digital/video/cemd00440/cemd00440pl.jpg?f=webp
A094,長谷川美紅,VENUS,長谷川美紅 「世界で一番薄幸顔の美人妻。」S級熟女フルコンプリートBOX 長谷川美紅16時間4枚組 長谷川美紅,,,heketumyu@stayhome.li,https://awsimgsrc.dmm.co.jp/pics_dig/digital/video/veq00168/veq00168pl.jpg?f=webp
A095,かなで自由,セレブの友,かなで自由 まるごと完全収録1153分BEST,,,zugyogo@tatsu.uk,https://pics.dmm.co.jp/mono/movie/adult/cesd533/cesd533pl.jpg
A096,桃瀬ゆり,セレブの友,桃瀬ゆり2枚組ハイパーベスト7時間26分,,,pyame56@na-cat.com,https://awsimgsrc.dmm.co.jp/pics_dig/digital/video/cead00569/cead00569pl.jpg?f=webp
A097,片岡なぎさ,セレブの友,片岡なぎさ2枚組ハイパーベスト6時間55分,,,gihadato@eripo.net,https://awsimgsrc.dmm.co.jp/pics_dig/digital/video/cead00539/cead00539pl.jpg?f=webp
A098,矢部寿恵,セレブの友,矢部寿恵2枚組ハイパーベスト10時間49分,【ムチ尻】家事代行ヘルパーハメ撮り 巨乳家政婦をムリヤリ挿入 豊永映美,,zenyora@dakaka.org,https://awsimgsrc.dmm.co.jp/pics_dig/digital/video/cead00449/cead00449pl.jpg?f=webp
A099,愛田奈々,マドンナ,愛田奈々 The Revival Best 4枚組16時間 マドンナ史上、最高峰の美人妻！！58本番SPECIAL,,,gyoba188@shchiba.uk,https://pics.dmm.co.jp/mono/movie/adult/jusd992/jusd992pl.jpg
A100,遥あやね,マドンナ,遥あやね 丸ごと！遥あやね 16時間 ～皆の期待を遥かに超えてきたインテリ美熟女、待望の初BEST！！～,,,gabisife@kagi.be,https://pics.dmm.co.jp/mono/movie/adult/jusd828/jusd828pl.jpg
A101,中森玲子,VENUS,中森玲子 「尻と乳。」S級熟女フルコンプリートBOX 中森玲子16時間4枚組,,,meriro69@nezumi.be,https://pics.dmm.co.jp/mono/movie/adult/veq191/veq191pl.jpg
A102,中野七緒,溜池ゴロー,中野七緒1年分12タイトル43本番12時間BEST,,,kobyo546@appmail.uk,https://pics.dmm.co.jp/mono/movie/adult/mbyd319/mbyd319pl.jpg
A103,矢部寿恵,ABC/妄想族,矢部寿恵 プレミアムベスト矢部寿恵 4時間 新フェチモザイク,,,nokyo267@usagica.com,https://awsimgsrc.dmm.co.jp/pics_dig/digital/video/oomn00057/oomn00057pl.jpg?f=webp
A104,佐伯由美香,桃太郎映像出版,佐伯由美香 エロ過ぎて緊急発売！ AV界最強の蛇舌！アナコンダ痴女 佐伯由美香BEST！,,,ryowa285@hotsoup.be,https://awsimgsrc.dmm.co.jp/pics_dig/digital/video/ymdd00263/ymdd00263pl.jpg?f=webp
A105,金谷うの,マドンナ,金谷うの 初ベスト 専属7作品COMPLETE 8時間 ～煌びやかなIカップ妻が魅せる、全18本番SPECIAL～,,,kuro350@boxfi.uk,https://pics.dmm.co.jp/mono/movie/adult/jusd977/jusd977pl.jpg
A106,大島優香,マドンナ,大島優香 丸ごと！大島優香16時間 ～マドンナのセンター・大島優香が全37本番の初BEST！！ 皆祝いやがれ！～,,,gyozeta253@bangban.uk,https://pics.dmm.co.jp/mono/movie/adult/jusd763/jusd763pl.jpg
A107,大島優香,マドンナ,大島優香 The Madonna Best 4枚組 16時間,【4K】妹の大胆誘惑！大好きなお兄ちゃんと透明バニーSEX 小那海あや,,kasu434@eripo.net,https://pics.dmm.co.jp/mono/movie/adult/jusd919/jusd919pl.jpg
A108,小早川怜子,マドンナ,小早川怜子 Madonna Best 3枚組12時間,,,pekupokyo@momoi.uk,https://pics.dmm.co.jp/mono/movie/adult/jusd993/jusd993pl.jpg
A109,流川はる香,マドンナ,流川はる香 初総集編 The First Best 3枚組12時間,,,nyunyoga763@boxfi.uk,https://pics.dmm.co.jp/mono/movie/adult/jums042/jums042pl.jpg
A110,水城奈緒,マドンナ,水城奈緒 The Revival Best 4枚組16時間,,,kyunyazi979@bangban.uk,https://pics.dmm.co.jp/mono/movie/adult/jums045/jums045pl.jpg
A111,白木優子,マドンナ,白木優子 100作品突破記念 6枚組 24時間 ～人妻・熟女界に金字塔を打ち立てる、絶対的エースのメモリアルBEST～,【期間限定熟女パック】巨乳妻告白パック,,nenuzudo@bangban.uk,https://pics.dmm.co.jp/mono/movie/adult/jusd938/jusd938pl.jpg
A112,舞原聖,アタッカーズ,舞原聖 8時間 ATTACKERS THE BEST,サクッと即ヌキ！ワンコイン！！こすパコ凝縮！実用度3000倍どちゃシコベスト！！4,,ryoryufe@dakaka.org,https://pics.dmm.co.jp/mono/movie/adult/atkd328/atkd328pl.jpg
A113,岬さくら,溜池ゴロー,岬さくら1年分初BEST35本番12時間,【4K】彼女の居ぬ間に彼女の姉に痴女られました… 新井リマ,,fofo392@eripo.net,https://pics.dmm.co.jp/mono/movie/adult/mbyd348/mbyd348pl.jpg
A114,うんぱい,S1,うんぱい フォロワー400万人インフルエンサーうんぱい初ベストデビュー1周年12時間special,,,keyutube@dakaka.org,https://awsimgsrc.dmm.co.jp/pics_dig/digital/video/ofje00404/ofje00404pl.jpg?f=webp
A115,miru,S1,miru S1初ベスト 絶頂から痴女まで何でも高水準のSEXの天才 全12タイトル12時間,,,nyowapi864@momoi.uk,https://awsimgsrc.dmm.co.jp/pics_dig/digital/video/ofje00374/ofje00374pl.jpg?f=webp
A116,橋本ありな,S1,橋本ありな エスワン卒業SP 全48タイトル完全コンプリート メモリアルBOX 16時間,,,bo865@boxfi.uk,https://awsimgsrc.dmm.co.jp/pics_dig/digital/video/ofje00250/ofje00250pl.jpg?f=webp
A117,奥田咲,S1,奥田咲 S1ギリモザ8時間ベスト,,,pyoryoki894@tatsu.uk,https://awsimgsrc.dmm.co.jp/pics_dig/digital/video/onsd00835/onsd00835pl.jpg?f=webp
A118,奥田咲,S1,奥田咲 S1ギリモザ8時間ベストVol.3,,,ginegi@dakaka.org,https://awsimgsrc.dmm.co.jp/pics_dig/digital/video/ofje00081/ofje00081pl.jpg?f=webp
A119,奥田咲,S1,奥田咲 S1 8時間 最新12タイトル全コーナー入りベスト Vol.6,,,byakinyu@onlyapp.net,https://awsimgsrc.dmm.co.jp/pics_dig/digital/video/ofje00230/ofje00230pl.jpg?f=webp
A120,Rico,桃太郎映像出版,Rico 世界一スケベな女優 Rico 1st,,,myaramyo89@kagi.be,https://awsimgsrc.dmm.co.jp/pics_dig/digital/video/15ald00195/15ald00195pl.jpg?f=webp
A121,Rico,桃太郎映像出版,Rico まるごとRico全部生中出しDX 2nd.,,,gagigyuda@shchiba.uk,https://awsimgsrc.dmm.co.jp/pics_dig/digital/video/15ald00221/15ald00221pl.jpg?f=webp
A122,羽咲みはる,S1,羽咲みはるAV引退 2016-2022 6年間の軌跡 S1全73タイトル完全コンプリート MEMORIAL BEST16時間,,,gyuzi22@cocoro.uk,https://awsimgsrc.dmm.co.jp/pics_dig/digital/video/ofje00394/ofje00394pl.jpg?f=webp
A123,吉高寧々,S1,吉高寧々 顔だけで抜ける吉高寧々が全集中でひたすらチ●ポをしゃぶり続け最後の一滴まで搾り取る至福のフェラチオBEST,,,pyakyu79@momoi.uk,https://awsimgsrc.dmm.co.jp/pics_dig/digital/video/ofje00297/ofje00297pl.jpg?f=webp
A124,辻井ほのか,OPPAI,辻井ほのか8時間BEST,,,pokefipe@shchiba.uk,https://pics.dmm.co.jp/mono/movie/adult/ppbd216/ppbd216pl.jpg
A125,明日見未来,ムーディーズ,明日見未来 天然Gカップ美BODYの女神 明日見未来12時間BEST,,,gituyaki@eripo.net,https://pics.dmm.co.jp/mono/movie/adult/mizd340/mizd340pl.jpg
A126,メロディー・雛・マークス,桃太郎映像出版,メロディー・雛・マークス ザ・ベスト完全保存版 ～北欧が生んだ2，700万人に1人の美少女！！！～,,,tize604@hotsoup.be,https://awsimgsrc.dmm.co.jp/pics_dig/digital/video/ymdd00216/ymdd00216pl.jpg?f=webp
A127,美谷朱里,本中,美谷朱里 全34本番81発射 エロス、極まる。 本中専属2周年 美谷朱里12時間BEST,,,bihokya@momoi.uk,https://pics.dmm.co.jp/mono/movie/adult/hndb221/hndb221pl.jpg
A128,山手梨愛,S1,山手梨愛 九州NO.1ボディグラドル山手梨愛 初ベスト エスワンデビュー1周年 最新11タイトル12時間スペシャル,,,fimu284@eripo.net,https://awsimgsrc.dmm.co.jp/pics_dig/digital/video/ofje00400/ofje00400pl.jpg?f=webp
A129,小花のん,ダスッ！,小花のん DAS1 GIRLS MEMORIES 小花のん PREMIUM BEST,,,zohi930@nekochan.fr,https://awsimgsrc.dmm.co.jp/pics_dig/digital/video/dazd00192/dazd00192pl.jpg?f=webp
A130,琴音華,ムーディーズ,琴音華 田舎育ちの清廉美少女 琴音華 初めてのMOODYZベスト12時間,水川潤 【4K】人妻巨乳デリヘル嬢 大量潮吹きイキまくりSEX 水川潤,,mumyokimya@boxfi.uk,https://pics.dmm.co.jp/mono/movie/adult/mizd289/mizd289pl.jpg
A131,三宮つばき,アタッカーズ,三宮つばき8時間ATTACKERS THE BEST,,,pyode470@tatsu.uk,https://pics.dmm.co.jp/mono/movie/adult/atkd369/atkd369pl.jpg
B001,企画・編集,エマニエル,美熟女インモラル性交 背徳のザーメン顔射4時間,Z-MEN 福袋入荷しました！！ 15タイトルまるごと45人 33時間,,kobatomic001@usagica.com,https://awsimgsrc.dmm.co.jp/pics_dig/digital/video/erdm00099/erdm00099pl.jpg?f=webp
B002,企画・編集,かつお物産,かつお物産コレクション6,【福袋】春の感謝還元祭20作品！売上上位から人気企画までノーカット42時間出し惜しみ無し収録 3,,kobatomic101@usagica.com,https://pics.dmm.co.jp/mono/movie/adult/katu130/katu130pl.jpg
B003,企画・編集,五十路ん,まるごと熟女福袋2036分 旦那以外のチ●ポと一期一会の不貞行為,【AIリマスター版】懐かしの名女優AIリマスター復刻版 エロスの申し子 樹花凜,,kobatomic102@usagica.com,https://awsimgsrc.dmm.co.jp/pics_dig/digital/video/h_1165gmjin00001/h_1165gmjin00001pl.jpg?f=webp
B004,企画・編集,マドンナ,永遠に終わらない、中出し輪姦の日々。総集編12時間,【期間限定熟女パック】五十路巨乳母パック 1,,de466@boxfi.uk,https://pics.dmm.co.jp/mono/movie/adult/jusd890/jusd890pl.jpg
B005,企画・編集,マドンナ,四六時中、娘婿のデカチ○ポが欲しくて堪らない義母の誘い 総集編8時間（JUSD-925）,【期間限定熟女パック】五十路巨乳母パック 3,,gyawate@dakaka.org,https://pics.dmm.co.jp/mono/movie/adult/jusd925/jusd925pl.jpg
B006,企画・編集,マドンナ,妻には口が裂けても言えません、義母さんを孕ませてしまったなんて…。 総集編8時間（JUSD-936）,白鳥寿美礼【期間限定熟女パック】白鳥寿美礼パック,,zanyuwaga@dakaka.org,https://pics.dmm.co.jp/mono/movie/adult/jusd936/jusd936pl.jpg
B007,企画・編集,マドンナ,息子の友人の絶倫チ○ポと野性的なセックスに溺れる母 8時間,【期間限定熟女パック】巨乳奥様不倫パック,,nunafapu@haren.uk,https://pics.dmm.co.jp/mono/movie/adult/jusd983/jusd983pl.jpg
B008,企画・編集,マドンナ,人妻の脳内がチ○ポに支配される串刺し乱交BEST 8時間,【期間限定熟女パック】五十路巨乳母パック 2,,gyumebu@usagica.com,https://pics.dmm.co.jp/mono/movie/adult/jusd959/jusd959pl.jpg
B009,企画・編集,DOC,もしも、キレイなお姉さんにエッチなシチュエーションで 誘惑されてしまったら… vol.01,,,ryapagyo603@rapt.be,https://awsimgsrc.dmm.co.jp/pics_dig/digital/video/h_1711mgtd00009/h_1711mgtd00009pl.jpg?f=webp
B010,企画・編集,ムーディーズ,金玉沸騰寸前！イジめたがり痴女のニヤニヤ射精管理BEST,【福袋】素人ナンパGET！！福袋vol.4 爆乳揃いで包容力50000％！巨乳3366分！【桃太郎映像出版】,,kobatomic104@usagica.com,https://pics.dmm.co.jp/mono/movie/adult/mizd225/mizd225pl.jpg
B011,企画・編集,マドンナ,美熟女と少年が最高潮に燃え上がる年の差セックス31人 8時間,,,tenonyuya@usagica.com,https://pics.dmm.co.jp/mono/movie/adult/jusd934/jusd934pl.jpg
B012,企画・編集,マドンナ,「私、おばさんなんだよ…。」とためらいながらも親子ほど年の離れた青年との荒々しいセックスにメロメロな美熟女 8時間,,,goponugi@usagica.com,https://pics.dmm.co.jp/mono/movie/adult/jusd829/jusd829pl.jpg
B013,企画・編集,Fitch,永久保存版！！ 働く女の艶めかしい完全着衣ファック12時間BEST,【スマホ推奨】撮り下ろし 手コキ 大人気「神木優愛」収録 9名,,ryuzenyo494@momoi.uk,https://pics.dmm.co.jp/mono/movie/adult/jfb186/jfb186pl.jpg
B014,企画・編集,VENUS,VENUS15周年記念『時代を彩った100人のS級熟女』BEST OF VENUS 2009～2023 24時間 6枚組,,,nigya84@nyasan.com,https://pics.dmm.co.jp/mono/movie/adult/veve036/veve036pl.jpg
B015,企画・編集,熟女JAPAN,中高年の殿方に捧げる至極の完熟BOX 五十路六十路 剛毛・爆乳・爆尻・中出し 200連発10枚組40時間,,,niside@mama3.org,https://awsimgsrc.dmm.co.jp/pics_dig/digital/video/juju00272/juju00272pl.jpg?f=webp
B016,企画・編集,熟女JAPAN,五十路・六十路・近親相姦・中出し 至極の完熟BOX 260連発40時間,,,hunohoti@fukurou.ch,https://awsimgsrc.dmm.co.jp/pics_dig/digital/video/juju00117/juju00117pl.jpg?f=webp
B017,企画・編集,Fitch,濃厚な精子を求め誘惑してくるド淫乱女優に子宮の奥までどっぷり中出し100連発8時間BEST,,,guzunegyu@dakaka.org,https://pics.dmm.co.jp/mono/movie/adult/jfb313/jfb313pl.jpg
B018,企画・編集,マドンナ,快感でヒクつく人妻マ○コに大量発射！！ 射精直前の激ピス中出しラッシュ202発！！,【悶々母】一つ屋根の下の性交 松下弥生 汗かいて2発射編,,pyogupori@shchiba.uk,https://pics.dmm.co.jp/mono/movie/adult/jusd963/jusd963pl.jpg
B019,企画・編集,マドンナ,「イヤぁ…もう許して…あッ、中は、中はダメぇぇぇぇ！！」望まない中出し性交で、皮肉にも絶頂してしまった人妻 12時間BEST,【4K】巨乳美女とホテルで初エッチ 西野絵美,,towaryabi@exdonuts.com,https://pics.dmm.co.jp/mono/movie/adult/jusd988/jusd988pl.jpg
B020,企画・編集,マドンナ,膣奥の最深を貫く！！デカチンの虜になった人妻30人 8時間,,,rimyumume@eripo.net,https://pics.dmm.co.jp/mono/movie/adult/jums039/jums039pl.jpg
B021,企画・編集,ムチムッチ/妄想族,巨乳むっちり人妻17人連続セックス16時間 4枚組BOX MUCH-080,水原さな 同窓会で性欲強すぎる人妻に変貌したクラスメイトと宴会場の隣でSEXしちゃった,,myugyugyu952@nyasan.com,https://awsimgsrc.dmm.co.jp/pics_dig/digital/video/h_796much00080/h_796much00080pl.jpg?f=webp
B022,企画・編集,ムチムッチ/妄想族,巨乳むっちり人妻20人連続セックス16時間4枚組BOX MUCH-093,サクッと即ヌキ！ワンコイン！！こすパコ凝縮！実用度3000倍どちゃシコベスト！！,,yuni470@appmail.uk,https://awsimgsrc.dmm.co.jp/pics_dig/digital/video/h_796much00093/h_796much00093pl.jpg?f=webp
B023,企画・編集,ムチムッチ/妄想族,むっちり巨乳ママ20人連続セックス ベストBOX16時間4枚組 MUCH-090,サクッと即ヌキ！ワンコイン！！こすパコ凝縮！実用度3000倍どちゃシコベスト！！2,,ryabewa@momoi.uk,https://awsimgsrc.dmm.co.jp/pics_dig/digital/video/h_796much00090/h_796much00090pl.jpg?f=webp
B024,企画・編集,ムチムッチ/妄想族,マン筋ぷっくりパイパンムチぽちゃガールズ 10人連続セックス 8時間2枚組 MUCH-126,サクッと即ヌキ！ワンコイン！！こすパコ凝縮！実用度3000倍どちゃシコベスト！！3,,boyu245@tatsu.uk,https://awsimgsrc.dmm.co.jp/pics_dig/digital/video/h_796much00126/h_796much00126pl.jpg?f=webp
B025,企画・編集,ムチムッチ/妄想族,巨乳むっちり妻20人連続セックス16時間4枚組BOX MUCH-098,サクッと即ヌキ！ワンコイン！！こすパコ凝縮！実用度3000倍どちゃシコベスト！！2,,bobyami@onlyapp.net,https://awsimgsrc.dmm.co.jp/pics_dig/digital/video/h_796much00098/h_796much00098pl.jpg?f=webp
B026,企画・編集,毒宴会,本物大量ザーメン100発！変態すぎる肉便器女4時間 超過激中出し輪姦スペシャル,,,kyagama@okinawa.li,https://awsimgsrc.dmm.co.jp/pics_dig/digital/video/enki00047/enki00047pl.jpg?f=webp
B027,企画・編集,毒宴会,本物大量ザーメン100発！変態すぎる肉便器女4時間 超過激中出し輪姦スペシャル2,,,tosi878@xmailer.be,https://awsimgsrc.dmm.co.jp/pics_dig/digital/video/enki00070/enki00070pl.jpg?f=webp
B028,企画・編集,毒宴会,メスイキ生姦調教4時間 真正マゾ召集10匹調教中出し肉便器ベスト,,,roha655@onlyapp.net,https://awsimgsrc.dmm.co.jp/pics_dig/digital/video/enki00060/enki00060pl.jpg?f=webp
B029,企画・編集,婦人社/エマニエル,チ○コをむさぼり身悶える淫乱熟痴女だらけの7枚組BOX 1，129分 スペシャル！,,,zanakebe@catgroup.uk,https://awsimgsrc.dmm.co.jp/pics_dig/digital/video/emaz00406/emaz00406pl.jpg?f=webp
B030,企画・編集,婦人社/エマニエル,禁断の五十路・四十路イキ狂いSEX 8枚組BOX 1，195分,,,mesegyo@goatmail.uk,https://awsimgsrc.dmm.co.jp/pics_dig/digital/video/emaz00413/emaz00413pl.jpg?f=webp
